"","baseMean","log2FoldChange","lfcSE","stat","pvalue","padj"
"1",1.72700600792701,0.828314860010565,0.789285656170968,1.04944876868653,0.293971622565419,NA
"2",1.27506449250499,0.0553951407942064,0.818209929128241,0.0677028459593823,0.946022183763994,NA
"3",1.27506449250499,0.0553951407942064,0.818209929128241,0.0677028459593823,0.946022183763994,NA
"4",34.8848639365134,-5.71979530605342,1.29429679580273,-4.41923005959847,9.90531593284661e-06,0.000192010739621334
"5",1.46147679570975,0.41826392794599,0.791805993601823,0.528240416624484,0.597332480719922,NA
"6",39.786932363162,3.00401217895784,1.29318646490134,2.32295361921147,0.0201816441838743,0.0652022350555938
"7",96.6296072155666,-2.27497897610219,1.25633281342082,-1.81080916760243,0.0701703967268646,0.130021617464484
"8",1.45432659147664,-0.307393716880772,0.791245460314417,-0.388493498286388,0.6976508646046,NA
"9",1.27506449250499,0.0553951407942064,0.818209929128241,0.0677028459593823,0.946022183763994,NA
"10",1.27506449250499,0.0553951407942064,0.818209929128241,0.0677028459593823,0.946022183763994,NA
"11",1.27506449250499,0.0553951407942064,0.818209929128241,0.0677028459593823,0.946022183763994,NA
"12",1.17792726961718,-0.167946158161085,0.842469055675603,-0.199349942920341,0.841989014279664,NA
"13",496.130368682683,-1.07702592507077,1.45646439688191,-0.739479747926919,0.459615732896637,0.587934846141891
"14",427.340556297155,-1.81151818420696,1.22919012493881,-1.47374937973662,0.140549082165796,0.229989407180394
"15",1.27506449250499,0.0553951407942064,0.818209929128241,0.0677028459593823,0.946022183763994,NA
"16",324.138767288665,-0.584759322876596,1.50733054933681,-0.387943655181591,0.698057730964929,0.771298992126015
"17",1.27506449250499,0.0553951407942064,0.818209929128241,0.0677028459593823,0.946022183763994,NA
"18",1.27506449250499,0.0553951407942064,0.818209929128241,0.0677028459593823,0.946022183763994,NA
"19",8.72585123989681,-3.63752738107517,1.15576993282431,-3.14727635472079,0.00164799122607301,0.0086236693791748
"20",1.27506449250499,0.0553951407942064,0.818209929128241,0.0677028459593823,0.946022183763994,NA
"21",44.5796618085005,-1.2880973873371,1.48729736823444,-0.86606580153248,0.386454077942502,0.522371741027812
"22",1.27506449250499,0.0553951407942064,0.818209929128241,0.0677028459593823,0.946022183763994,NA
"23",1.27506449250499,0.0553951407942064,0.818209929128241,0.0677028459593823,0.946022183763994,NA
"24",1.4558410986738,-0.307862259094545,0.791349926556774,-0.389034292874807,0.697250778625478,NA
"25",1.4558410986738,-0.307862259094545,0.791349926556774,-0.389034292874807,0.697250778625478,NA
"26",1.27506449250499,0.0553951407942064,0.818209929128241,0.0677028459593823,0.946022183763994,NA
"27",1.63846786677615,-0.59903010102637,0.786124516212787,-0.762004095626277,0.446057559747816,NA
"28",1.54079478866504,-0.819595783452378,0.81072392863607,-1.01094312688073,0.312043651090661,NA
"29",1.72321973993412,-0.722919365819156,0.789131356559352,-0.916095095968707,0.359617019716555,NA
"30",1.27506449250499,0.0553951407942064,0.818209929128241,0.0677028459593823,0.946022183763994,NA
"31",2.2957974121208,1.41819534584607,0.856754840959038,1.65531057199346,0.097861515535512,NA
"32",1.53628170412023,-0.456876199762898,0.785519213778119,-0.5816232012524,0.56082051157115,NA
"33",1.18227059072173,-0.167017794018389,0.84265365925478,-0.198204555553814,0.84288502337825,NA
"34",2.96750300579985,1.91601363734171,0.943151336471403,2.03150179960521,0.0422041171714243,0.0994368069824527
"35",97.4945491409451,-7.21974860505519,1.37202018619276,-5.26213001653379,1.42396009271012e-07,1.79418971681475e-05
"36",2.70916128427823,-1.66342386070446,0.915196638928203,-1.81755897033507,0.0691315674762209,NA
"37",1.27506449250499,0.0553951407942064,0.818209929128241,0.0677028459593823,0.946022183763994,NA
"38",1.27506449250499,0.0553951407942064,0.818209929128241,0.0677028459593823,0.946022183763994,NA
"39",1.27506449250499,0.0553951407942064,0.818209929128241,0.0677028459593823,0.946022183763994,NA
"40",2.78935158334776,1.80292605908075,0.922043914568909,1.95535812404736,0.0505408151514044,NA
"41",1.64624009963801,0.707580018460183,0.786796681961962,0.899317491649503,0.368483573050637,NA
"42",1.27506449250499,0.0553951407942064,0.818209929128241,0.0677028459593823,0.946022183763994,NA
"43",1.27506449250499,0.0553951407942064,0.818209929128241,0.0677028459593823,0.946022183763994,NA
"44",1.27506449250499,0.0553951407942064,0.818209929128241,0.0677028459593823,0.946022183763994,NA
"45",1.27506449250499,0.0553951407942064,0.818209929128241,0.0677028459593823,0.946022183763994,NA
"46",1.18177809065889,-0.167127785521467,0.842633148509573,-0.19833991318414,0.842779125724566,NA
"47",1.6335886904483,-0.597204561690237,0.785640484689759,-0.760149932861551,0.447164968391411,NA
"48",36.8669774887591,-0.831347173409812,1.34459409057795,-0.61828858183697,0.536385127199588,0.653785445201655
"49",18.3742078852462,-4.77015384598499,1.27032773746829,-3.75505761646338,0.000173301607181229,0.00139323960149615
"50",2.54050073568664,1.62380414022973,0.890244742593929,1.82399744984555,0.0681524577741095,NA
"51",14.6141615396618,-4.42599183886051,1.12600375792175,-3.93070787528233,8.46961288855537e-05,0.000970155658143616
"52",1.74149650173549,0.83412236463749,0.790944269575405,1.05459056563526,0.291612620457036,NA
"53",1.27506449250499,0.0553951407942064,0.818209929128241,0.0677028459593823,0.946022183763994,NA
"54",1.45742013594036,-0.308346026691745,0.791459323805796,-0.389591754645126,0.696838450172092,NA
"55",2.34397302721753,1.4736861930419,0.863286342947373,1.70706533826372,0.0878099087477838,NA
"56",1.53628170412023,-0.456876199762898,0.785519213778119,-0.5816232012524,0.56082051157115,NA
"57",1.27506449250499,0.0553951407942064,0.818209929128241,0.0677028459593823,0.946022183763994,NA
"58",2.99244225110866,-1.84742105389385,0.949618074879355,-1.94543585759839,0.051722542599275,0.105968136057051
"59",1.53628170412023,-0.456876199762898,0.785519213778119,-0.5816232012524,0.56082051157115,NA
"60",1.27506449250499,0.0553951407942064,0.818209929128241,0.0677028459593823,0.946022183763994,NA
"61",1.82213142281111,-0.842670961155343,0.79719540065036,-1.05704443410973,0.290491308793647,NA
"62",1.18185834090261,-0.167109948597889,0.842636498297821,-0.198317956717353,0.842796303272435,NA
"63",511.327006467733,-2.0908531840945,1.70521829138127,-1.22614986870734,0.220142282405355,0.333195981156584
"64",1.27506449250499,0.0553951407942064,0.818209929128241,0.0677028459593823,0.946022183763994,NA
"65",1.18185834090261,-0.167109948597889,0.842636498297821,-0.198317956717353,0.842796303272435,NA
"66",1.18185834090261,-0.167109948597889,0.842636498297821,-0.198317956717353,0.842796303272435,NA
"67",32.5978381382094,-3.17053311476221,1.26465665596542,-2.5070307421439,0.0121750122161915,0.0438300439782896
"68",1.27506449250499,0.0553951407942064,0.818209929128241,0.0677028459593823,0.946022183763994,NA
"69",2.11020960855429,1.24825853110707,0.830879618437767,1.50233379590423,0.133010924729253,NA
"70",1.27506449250499,0.0553951407942064,0.818209929128241,0.0677028459593823,0.946022183763994,NA
"71",1.18185834090261,-0.167109948597889,0.842636498297821,-0.198317956717353,0.842796303272435,NA
"72",1.27506449250499,0.0553951407942064,0.818209929128241,0.0677028459593823,0.946022183763994,NA
"73",1.27506449250499,0.0553951407942064,0.818209929128241,0.0677028459593823,0.946022183763994,NA
"74",3.06043170216658,1.95886881182738,0.954029321081831,2.05325849902191,0.0400475135534168,0.0994368069824527
"75",1.18185834090261,-0.167109948597889,0.842636498297821,-0.198317956717353,0.842796303272435,NA
"76",1.54395764096247,-0.459537655015317,0.786151645118598,-0.584540728075423,0.558856572074075,NA
"77",1.27506449250499,0.0553951407942064,0.818209929128241,0.0677028459593823,0.946022183763994,NA
"78",1.27506449250499,0.0553951407942064,0.818209929128241,0.0677028459593823,0.946022183763994,NA
"79",1.27506449250499,0.0553951407942064,0.818209929128241,0.0677028459593823,0.946022183763994,NA
"80",1.27506449250499,0.0553951407942064,0.818209929128241,0.0677028459593823,0.946022183763994,NA
"81",1.53444039335408,-0.456227568814069,0.785368852736779,-0.580908661228734,0.561302014639638,NA
"82",1.27506449250499,0.0553951407942064,0.818209929128241,0.0677028459593823,0.946022183763994,NA
"83",1.27506449250499,0.0553951407942064,0.818209929128241,0.0677028459593823,0.946022183763994,NA
"84",3.0565787170259,1.96939110140315,0.953192236162066,2.06610065282604,0.0388189766213689,0.0988119404907572
"85",1.27506449250499,0.0553951407942064,0.818209929128241,0.0677028459593823,0.946022183763994,NA
"86",1.27506449250499,0.0553951407942064,0.818209929128241,0.0677028459593823,0.946022183763994,NA
"87",1.27506449250499,0.0553951407942064,0.818209929128241,0.0677028459593823,0.946022183763994,NA
"88",2.05319219505225,-1.1243945600369,0.824286135226751,-1.36408282510732,0.172541499575202,NA
"89",1.6335886904483,-0.597204561690237,0.785640484689759,-0.760149932861551,0.447164968391411,NA
"90",1.27506449250499,0.0553951407942064,0.818209929128241,0.0677028459593823,0.946022183763994,NA
"91",1.27506449250499,0.0553951407942064,0.818209929128241,0.0677028459593823,0.946022183763994,NA
"92",1.27506449250499,0.0553951407942064,0.818209929128241,0.0677028459593823,0.946022183763994,NA
"93",1.27506449250499,0.0553951407942064,0.818209929128241,0.0677028459593823,0.946022183763994,NA
"94",62.5565093644935,-3.76526878076755,1.24162255979833,-3.032538955622,0.00242505794369916,0.0115304641851356
"95",30.7335656031866,-0.205848932389336,1.34145279085196,-0.153452237598761,0.878041652997014,0.914324365930774
"96",42.2763231848515,-0.105712844729086,1.3412683400229,-0.0788155819194846,0.93717931002339,0.948470627011624
"97",1.18177809065889,-0.167127785521467,0.842633148509573,-0.19833991318414,0.842779125724566,NA
"98",645.266458690893,1.54165824407036,1.01417974673305,1.52010356057342,0.128484949882666,0.215854715802879
"99",1.18177809065889,-0.167127785521467,0.842633148509573,-0.19833991318414,0.842779125724566,NA
"100",186.338218714212,-1.65094988403401,1.82065642396257,-0.906788267300208,0.36451877549502,0.513177270529303
"101",27.4473309423666,-5.36605196998774,1.33700169861184,-4.01349674840288,5.98258270459752e-05,0.000793479390293987
"102",80.2494539459617,6.99293132621857,1.36660876240297,5.11699582104433,3.10440496996936e-07,2.37110584127681e-05
"103",1.27506449250499,0.0553951407942064,0.818209929128241,0.0677028459593823,0.946022183763994,NA
"104",424.414025695202,-1.15392627219887,1.51269974502674,-0.762825720036378,0.445567339998604,0.574208622274962
"105",82.4107223882934,2.36896244845179,1.43017152984482,1.65641840787366,0.0976371158290184,0.169686573716639
"106",1.27506449250499,0.0553951407942064,0.818209929128241,0.0677028459593823,0.946022183763994,NA
"107",189.475615835345,-0.656518564611002,1.5057301339528,-0.436013432823801,0.662826983550935,0.751513115304697
"108",1.27506449250499,0.0553951407942064,0.818209929128241,0.0677028459593823,0.946022183763994,NA
"109",1.18177809065889,-0.167127785521467,0.842633148509573,-0.19833991318414,0.842779125724566,NA
"110",225.933389469511,0.511771131048106,1.37936983615556,0.37101806755066,0.710624074670848,0.775226263277288
"111",230.252531932704,1.49850353060912,1.24318742599719,1.20537217419742,0.228059658485395,0.338064905519527
"112",6.07786317030169,-3.06502090705821,1.03619267677957,-2.95796426257723,0.00309678024358565,0.0139355110961354
"113",1.18109779725964,-0.167277668613407,0.842604633364226,-0.198524506025471,0.842634713263666,NA
"114",26.7851462991778,3.42340644605678,1.2609135745064,2.71502069235548,0.00662716295420372,0.0265086518168149
"115",189.631065350259,2.95206592589288,1.4889163080209,1.9826943327774,0.0474015830101048,0.102095717252534
"116",9.79997628902462,-2.70061812061688,1.09777573614329,-2.4600818106116,0.013890534798251,0.0479508872487569
"117",80.3458625083345,-1.81164314062558,1.35356817105879,-1.33842031702656,0.180759459561751,0.288299897528868
"118",1.18109779725964,-0.167277668613407,0.842604633364226,-0.198524506025471,0.842634713263666,NA
"119",18.2936166400719,-4.76322647869964,1.2676365439986,-3.75756481717909,0.000171574932758828,0.00139323960149615
"120",56.919499759251,-0.828861111111435,1.43167562888171,-0.578944765413701,0.562626443351333,0.675151732021599
"121",3.08283055419306,1.9813580724035,0.956192322584867,2.07213342504917,0.0382529999360828,0.0988119404907572
"122",10.4449717647684,3.97499399564799,1.29085961014391,3.07933873243184,0.00207460654463929,0.010456016984982
"123",1.27506449250499,0.0553951407942064,0.818209929128241,0.0677028459593823,0.946022183763994,NA
"124",1.27506449250499,0.0553951407942064,0.818209929128241,0.0677028459593823,0.946022183763994,NA
"125",1.6335886904483,-0.597204561690237,0.785640484689759,-0.760149932861551,0.447164968391411,NA
"126",27.4191857793284,1.27204262011926,1.44768874096763,0.87867134980205,0.37957949722514,0.519858876634431
"127",120.708464786942,1.60150271309014,1.4185630398308,1.12896125735883,0.258914177514029,0.379339376357764
"128",129.333325626023,3.79430749276114,1.47333668047615,2.57531597702088,0.0100148549574723,0.0365759920185946
"129",1.6335886904483,-0.597204561690237,0.785640484689759,-0.760149932861551,0.447164968391411,NA
"130",2.3945013146582,1.49917008914342,0.870548165960054,1.72209895760346,0.0850515939143561,NA
"131",20.8373093781754,-2.47097074511995,1.19577888390937,-2.06641108851294,0.0387896798080013,0.0988119404907572
"132",1.27506449250499,0.0553951407942064,0.818209929128241,0.0677028459593823,0.946022183763994,NA
"133",52.5355815019783,-6.31924848235165,1.40229672951629,-4.50635614370391,6.59503605406246e-06,0.000166194908562374
"134",1.18177809065889,-0.167127785521467,0.842633148509573,-0.19833991318414,0.842779125724566,NA
"135",1.27506449250499,0.0553951407942064,0.818209929128241,0.0677028459593823,0.946022183763994,NA
"136",1.6335886904483,-0.597204561690237,0.785640484689759,-0.760149932861551,0.447164968391412,NA
"137",1.18177809065889,-0.167127785521467,0.842633148509573,-0.19833991318414,0.842779125724566,NA
"138",1.18177809065889,-0.167127785521467,0.842633148509573,-0.19833991318414,0.842779125724566,NA
"139",5.07779575753931,-2.15716757520217,1.03750742993155,-2.07918277302794,0.0376005544224789,0.0988119404907572
"140",1.27506449250499,0.0553951407942064,0.818209929128241,0.0677028459593823,0.946022183763994,NA
"141",1.27506449250499,0.0553951407942064,0.818209929128241,0.0677028459593823,0.946022183763994,NA
"142",1.27506449250499,0.0553951407942064,0.818209929128241,0.0677028459593823,0.946022183763994,NA
"143",1.27506449250499,0.0553951407942064,0.818209929128241,0.0677028459593823,0.946022183763994,NA
"144",1.18177809065889,-0.167127785521467,0.842633148509573,-0.19833991318414,0.842779125724566,NA
"145",670.996262733219,-0.649038291852531,1.5040870816996,-0.431516432625114,0.666092906840888,0.751513115304697
"146",1.18177809065889,-0.167127785521467,0.842633148509573,-0.19833991318414,0.842779125724566,NA
"147",284.379741272849,-0.247389316667768,1.51736638843456,-0.163038616482731,0.870488029879832,0.910219848671028
"148",1.18177809065889,-0.167127785521467,0.842633148509573,-0.19833991318414,0.842779125724566,NA
"149",1.72321973993412,-0.722919365819156,0.789131356559352,-0.916095095968707,0.359617019716555,NA
"150",1.27506449250499,0.0553951407942064,0.818209929128241,0.0677028459593823,0.946022183763994,NA
"151",1.81285078941995,-0.838596243824731,0.795988190666505,-1.05352849911322,0.292098839749878,NA
"152",1.27506449250499,0.0553951407942064,0.818209929128241,0.0677028459593823,0.946022183763994,NA
"153",1.27506449250499,0.0553951407942064,0.818209929128241,0.0677028459593823,0.946022183763994,NA
"154",1.6335886904483,-0.597204561690237,0.785640484689759,-0.760149932861551,0.447164968391411,NA
"155",1.54761702320836,-0.460783413064986,0.786456286106103,-0.585898315272441,0.557943849533447,NA
"156",1.27506449250499,0.0553951407942064,0.818209929128241,0.0677028459593823,0.946022183763994,NA
"157",1.18177809065889,-0.167127785521467,0.842633148509573,-0.19833991318414,0.842779125724566,NA
"158",1.18177809065889,-0.167127785521467,0.842633148509573,-0.19833991318414,0.842779125724566,NA
"159",1.27506449250499,0.0553951407942064,0.818209929128241,0.0677028459593823,0.946022183763994,NA
"160",1.99817091718022,1.14599022071462,0.816024842309874,1.40435702603212,0.16021256089578,NA
"161",2.00187124104731,-1.05021545275124,0.817731509185683,-1.28430351644034,0.199035776929063,NA
"162",1.83182790320452,0.948644786380714,0.797885162477596,1.18894902549006,0.234459726456582,NA
"163",1.79749891573548,-0.831818711913344,0.794004539920149,-1.04762462944733,0.29481158532876,NA
"164",1.55468294731212,0.570458898463477,0.787065147687671,0.724792477648688,0.468579351293281,NA
"165",2.02071370532402,1.15670143131551,0.819253694202027,1.41189650959361,0.157980435632388,NA
"166",1.53444039335408,-0.456227568814069,0.785368852736779,-0.580908661228734,0.561302014639638,NA
"167",1.27506449250499,0.0553951407942064,0.818209929128241,0.0677028459593823,0.946022183763994,NA
"168",1.18185834090261,-0.167109948597889,0.842636498297821,-0.198317956717353,0.842796303272435,NA
"169",2.97805443273571,-1.84060835252872,0.947905333026293,-1.94176389603419,0.0521656894699665,0.106014143116383
"170",11.4957981384826,-4.06205864323231,1.21667216781892,-3.3386632411541,0.000841825515492223,0.00517414707083025
"171",2.75976692103708,1.77181545932616,0.91866475102892,1.9286855812653,0.0537699073146396,NA
"172",2.57194399675043,-1.57494368597467,0.897055723731229,-1.75568099540552,0.0791428936053218,NA
"173",1.45432659147664,-0.307393716880772,0.791245460314417,-0.388493498286388,0.6976508646046,NA
"174",46.3122533732005,-1.81485738704574,1.16770059346853,-1.55421466529781,0.120133220500426,0.204551159230456
"175",1.27506449250499,0.0553951407942064,0.818209929128241,0.0677028459593823,0.946022183763994,NA
"176",1.27506449250499,0.0553951407942064,0.818209929128241,0.0677028459593823,0.946022183763994,NA
"177",1.27506449250499,0.0553951407942064,0.818209929128241,0.0677028459593823,0.946022183763994,NA
"178",301.452430118797,1.12559141099417,1.36417083932993,0.825110300369015,0.409308972372531,0.540030686062187
"179",2.43304873844358,1.5458897169577,0.875623965557609,1.76547214074167,0.0774844483866339,NA
"180",17.5010778547546,2.38612671626963,1.27927591727392,1.86521663079092,0.0621510453421376,0.118675380792004
"181",2.08174393787743,-1.13877336493739,0.828316363889562,-1.37480486270971,0.169191950166037,NA
"182",1.27506449250499,0.0553951407942064,0.818209929128241,0.0677028459593823,0.946022183763994,NA
"183",3.87436492759398,-2.3107317296144,1.03384964671966,-2.23507522292647,0.0254124107064085,0.0775302784558655
"184",146.235829518459,2.45476990819263,1.53328058736874,1.60099197003808,0.109378697688178,0.187506338894019
"185",1.27506449250499,0.0553951407942064,0.818209929128241,0.0677028459593823,0.946022183763994,NA
"186",223.530393745893,0.533099566349749,1.36845278026157,0.389563727765494,0.696859178210074,0.771298992126015
"187",1.45432659147664,-0.307393716880772,0.791245460314417,-0.388493498286388,0.6976508646046,NA
"188",1.18227059072173,-0.167017794018389,0.84265365925478,-0.198204555553814,0.84288502337825,NA
"189",2.79879233376405,-1.72493518880153,0.926498292261327,-1.86177913462899,0.0626342287513357,0.118675380792004
"190",1.54395764096247,-0.459537655015317,0.786151645118598,-0.584540728075423,0.558856572074075,NA
"191",2.30033216013115,1.42047175511577,0.8574130472236,1.65669482137625,0.0975811905393746,NA
"192",1.27506449250499,0.0553951407942064,0.818209929128241,0.0677028459593823,0.946022183763994,NA
"193",22.2136571805828,-0.813924736656379,1.19454871273998,-0.681365881504697,0.495640005896478,0.615697117238608
"194",1.27506449250499,0.0553951407942064,0.818209929128241,0.0677028459593823,0.946022183763994,NA
"195",18.1774684740755,4.81075215979299,1.2228220702295,3.93413913349641,8.34954096585902e-05,0.000970155658143616
"196",14.0194998804785,3.23175441926684,1.17969095705876,2.7394924068286,0.00615341361795835,0.0250106488987985
"197",1.18177809065889,-0.167127785521467,0.842633148509573,-0.19833991318414,0.842779125724566,NA
"198",1.17792726961718,-0.167946158161085,0.842469055675603,-0.199349942920341,0.841989014279664,NA
"199",393.27499041785,5.99623003707638,1.31406076363748,4.56312995791616,5.03965971999247e-06,0.000153449565681949
"200",2.28630885522852,0.639859956158265,0.800026847143646,0.799798104829571,0.423827781263987,NA
"201",2.76636291814305,1.77500511597312,0.919507209379696,1.93038738344482,0.0535588570066144,NA
"202",1.71042651186373,-0.717658194565578,0.787667253720982,-0.911118484582573,0.362232947972208,NA
"203",1.27506449250499,0.0553951407942064,0.818209929128241,0.0677028459593823,0.946022183763994,NA
"204",1.27506449250499,0.0553951407942064,0.818209929128241,0.0677028459593823,0.946022183763994,NA
"205",1.27506449250499,0.0553951407942064,0.818209929128241,0.0677028459593823,0.946022183763994,NA
"206",1.18185834090261,-0.167109948597889,0.842636498297821,-0.198317956717353,0.842796303272435,NA
"207",11.4743615695531,-1.00179876386316,1.13286933599634,-0.88430212737826,0.376533140186299,0.518504652059821
"208",1.64821009988939,0.708301351514726,0.786991941487007,0.90001093299177,0.368114432506449,NA
"209",1.27506449250499,0.0553951407942064,0.818209929128241,0.0677028459593823,0.946022183763994,NA
"210",1.27506449250499,0.0553951407942064,0.818209929128241,0.0677028459593823,0.946022183763994,NA
"211",1.55468294731212,0.570458898463477,0.787065147687671,0.724792477648688,0.468579351293281,NA
"212",1.27506449250499,0.0553951407942064,0.818209929128241,0.0677028459593823,0.946022183763994,NA
"213",1.83182790320452,0.948644786380714,0.797885162477596,1.18894902549006,0.234459726456582,NA
"214",3.17321885727747,-1.95492440478645,0.969578293350198,-2.01626255269347,0.0437725284904407,0.0994368069824527
"215",1.72321973993412,-0.722919365819156,0.789131356559352,-0.916095095968707,0.359617019716555,NA
"216",1.27506449250499,0.0553951407942064,0.818209929128241,0.0677028459593823,0.946022183763994,NA
"217",1.4558410986738,-0.307862259094545,0.791349926556774,-0.389034292874807,0.697250778625478,NA
"218",1.45432659147664,-0.307393716880772,0.791245460314417,-0.388493498286388,0.6976508646046,NA
"219",2.63088903877105,1.68991677633277,0.902194626215222,1.87311775888326,0.0610521255625997,NA
"220",2.14578853122247,-1.21330529584891,0.837093885005944,-1.449425587239,0.147218767329708,NA
"221",3.17321885727747,2.03318474080959,0.965891529146261,2.10498247417771,0.0352928336653855,0.0962773884136571
"222",1.89859447108731,1.04371155537842,0.803932961199955,1.29825695145098,0.194199053782896,NA
"223",133.703786756411,3.31298513085297,1.40817529419235,2.35267948849587,0.0186386919654599,0.0618019786223144
"224",1.27506449250499,0.0553951407942064,0.818209929128241,0.0677028459593823,0.946022183763994,NA
"225",184.456935827686,-0.830162479163376,1.75602630808817,-0.472750593393556,0.636391126515115,0.734257850926121
"226",3.1035849738117,-1.92305313520007,0.961763762970823,-1.99950674920408,0.0455535523488584,0.100064682375923
"227",2.38859131390406,1.49619846807821,0.869703803456985,1.72035405862429,0.0853681025391002,NA
"228",39.3128612882145,3.52769079072618,1.35899807541214,2.59580263912909,0.00943702541318604,0.0354944836436251
"229",2.4877877165043,1.57340291689926,0.88332791587251,1.78122177350766,0.0748762279927096,NA
"230",1.79381629420316,-0.830185435871739,0.793531003872252,-1.04619155624748,0.295472600562572,NA
"231",1.81285078941995,-0.838596243824731,0.795988190666505,-1.05352849911322,0.292098839749878,NA
"232",2.3990267295177,-1.44001517762644,0.873220343158208,-1.64908569630694,0.0991300795645793,NA
"233",1.79381629420316,-0.830185435871739,0.793531003872252,-1.04619155624748,0.295472600562572,NA
"234",1.27506449250499,0.0553951407942064,0.818209929128241,0.0677028459593823,0.946022183763994,NA
"235",1.27506449250499,0.0553951407942064,0.818209929128241,0.0677028459593823,0.946022183763994,NA
"236",4.13617841516497,-2.42890905220951,0.994824777162265,-2.44154458952859,0.0146245821926331,0.0498026312505883
"237",1.27506449250499,0.0553951407942064,0.818209929128241,0.0677028459593823,0.946022183763994,NA
"238",1.27506449250499,0.0553951407942064,0.818209929128241,0.0677028459593823,0.946022183763994,NA
"239",1.27506449250499,0.0553951407942064,0.818209929128241,0.0677028459593823,0.946022183763994,NA
"240",13.8906051641065,1.57979601039665,1.23767409385531,1.27642326702956,0.201805935733297,0.311994452790127
"241",2.26100603684909,-1.30907082464219,0.853725170476203,-1.53336327651204,0.125186371792869,NA
"242",2.81166564493985,1.81366120067599,0.924856521599582,1.96101898869587,0.0498768078502213,0.103366239014772
"243",1.5462294017582,0.567608964116963,0.786364644135501,0.721813942615605,0.470408876135733,NA
"244",2.31993333896597,-1.3712868779602,0.862034656423665,-1.59075608821724,0.111664478811849,NA
"245",1.54395764096247,-0.459537655015317,0.786151645118598,-0.584540728075423,0.558856572074075,NA
"246",1.73903400142127,0.833140407945822,0.790660752396901,1.05372677905175,0.292008024891589,NA
"247",1.88457131960723,-0.937345567969809,0.802812982681848,-1.1675764943892,0.242977636202776,NA
"248",1.27506449250499,0.0553951407942064,0.818209929128241,0.0677028459593823,0.946022183763994,NA
"249",1.99817091718022,1.14599022071462,0.816024842309874,1.40435702603212,0.16021256089578,NA
"250",1.27506449250499,0.0553951407942064,0.818209929128241,0.0677028459593823,0.946022183763994,NA
"251",1.27506449250499,0.0553951407942064,0.818209929128241,0.0677028459593823,0.946022183763994,NA
"252",2.96750300579985,1.91601363734171,0.943151336471403,2.03150179960521,0.0422041171714243,0.0994368069824527
"253",16.0975285036426,-4.57146090117569,1.18948084458463,-3.84324045400838,0.000121420399396005,0.00113325706102938
"254",15.7869653760435,1.00940375762599,1.17866480004548,0.856395946996157,0.391778805770859,0.522371741027812
"255",1.46163729619719,0.418312265767069,0.791817140195812,0.528294027158369,0.597295276540877,NA
"256",2.08174393787743,-1.13877336493739,0.828316363889562,-1.37480486270971,0.169191950166037,NA
"257",63.4257201097497,-0.073764998999047,1.39702069716502,-0.0528016507906711,0.957889946196665,0.961706240803026
"258",1.18227059072173,-0.167017794018389,0.84265365925478,-0.198204555553814,0.84288502337825,NA
"259",1.18109779725964,-0.167277668613407,0.842604633364226,-0.198524506025471,0.842634713263666,NA
"260",2.31993333896597,-1.3712868779602,0.862034656423665,-1.59075608821724,0.111664478811849,NA
"261",1.27506449250499,0.0553951407942064,0.818209929128241,0.0677028459593823,0.946022183763994,NA
"262",1.18227059072173,-0.167017794018389,0.84265365925478,-0.198204555553814,0.84288502337825,NA
"263",1.65093127348638,0.709294095226484,0.787262449705749,0.900962691020756,0.367608156887653,NA
"264",3.17321885727747,-1.95492440478645,0.969578293350198,-2.01626255269347,0.0437725284904407,0.0994368069824527
"265",9.65417079583754,1.76812542997519,1.02861065718697,1.7189452759615,0.0856243369186747,0.15195304861624
"266",1.6335886904483,-0.597204561690237,0.785640484689759,-0.760149932861551,0.447164968391411,NA
"267",2.31993333896597,-1.3712868779602,0.862034656423665,-1.59075608821724,0.111664478811849,NA
"268",2.72127734185545,1.75312024818386,0.913706802678721,1.91869015645305,0.0550235580092842,NA
"269",22.5708942533672,-5.07684699820002,1.30513533872352,-3.88990079999321,0.000100285208583098,0.00101087490251763
"270",1.27506449250499,0.0553951407942064,0.818209929128241,0.0677028459593823,0.946022183763994,NA
"271",2.22610946228498,-1.29098343208645,0.848522954221756,-1.52144785908651,0.128147486512774,NA
"272",96.4124522456948,-7.20351421212727,1.33098092492302,-5.41218441018899,6.226052075705e-08,1.56896512307766e-05
"273",1.62335410799198,-0.593325497729501,0.784635428762943,-0.756179846052757,0.449541374549799,NA
"274",1.6366177048426,0.704023516342809,0.785849942938378,0.895875252863656,0.370319392589913,NA
"275",1.54395764096247,-0.459537655015317,0.786151645118598,-0.584540728075423,0.558856572074075,NA
"276",3.19843361157393,0.468651332769211,0.901171034359229,0.52004704423555,0.603030786367286,0.706808177509563
"277",2.26100603684909,-1.30907082464219,0.853725170476203,-1.53336327651204,0.125186371792869,NA
"278",3.85806973100578,0.239745460886,0.880949253165107,0.272144462379228,0.785510943181963,0.835882636037781
"279",1.55492369804329,0.570538985314785,0.787085247516331,0.724875719771316,0.468528277581761,NA
"280",5.16781861352327,2.86487105159014,0.992114192545431,2.88764244390038,0.00388140815391688,0.0171599097331062
"281",2.31993333896597,-1.3712868779602,0.862034656423665,-1.59075608821724,0.111664478811849,NA
"282",1.96673356143589,-1.03306824443677,0.812620000523816,-1.27128084931561,0.20362875279707,NA
"283",52.2430406571561,-6.31111071869824,1.27923863790463,-4.93348975843609,8.07732793193119e-07,4.07097327769332e-05
"284",1.27506449250499,0.0553951407942064,0.818209929128241,0.0677028459593823,0.946022183763994,NA
"285",1.27506449250499,0.0553951407942064,0.818209929128241,0.0677028459593823,0.946022183763994,NA
"286",350.284795095561,0.15924406857275,1.64755414490367,0.0966548316881332,0.923000510903374,0.937887615917945
"287",2.0767458935394,1.23187188683134,0.826148066133721,1.49110303265171,0.135934446253204,NA
"288",3.0565787170259,1.96939110140315,0.953192236162066,2.06610065282604,0.0388189766213689,0.0988119404907572
"289",1.18227059072173,-0.167017794018389,0.84265365925478,-0.198204555553814,0.84288502337825,NA
"290",1.27506449250499,0.0553951407942064,0.818209929128241,0.0677028459593823,0.946022183763994,NA
"291",2.75976692103708,1.77181545932616,0.91866475102892,1.9286855812653,0.0537699073146396,NA
"292",1.27506449250499,0.0553951407942064,0.818209929128241,0.0677028459593823,0.946022183763994,NA
"293",2.48835664879796,-1.80096967174607,0.975965109246401,-1.84532177911227,0.0649907441610138,NA
"294",1.97164372347897,-1.03546997570609,0.813332785497091,-1.2731196801236,0.202975576419745,NA
"295",21.5651793795949,5.06645366070594,1.2975216866124,3.90471597737496,9.43361112374179e-05,0.00101087490251763
"296",58.6980179217534,-4.86374089609005,1.41168157594506,-3.44535267652975,0.000570314755852284,0.00368511073012245
"297",1.27506449250499,0.0553951407942064,0.818209929128241,0.0677028459593823,0.946022183763994,NA
"298",12.4969658536562,0.554968918717218,1.20998299997414,0.458658442911248,0.64647946102497,0.740512837174057
"299",2.22610946228498,-1.29098343208645,0.848522954221756,-1.52144785908651,0.128147486512774,NA
"300",31.5436655773415,-0.837692329879309,1.50417763911604,-0.556910505843974,0.577588576287917,0.686567552946015
"301",1.99211288839161,-1.04546222076438,0.816309610371448,-1.28071776625129,0.200292817154384,NA
"302",2.22610946228498,-1.29098343208645,0.848522954221756,-1.52144785908651,0.128147486512774,NA
"303",1.9133092445288,-0.950763345933445,0.806808586367838,-1.17842492258749,0.23862724678382,NA
"304",1.6366177048426,-0.598339597074351,0.785940604852688,-0.761303835658803,0.446475610108466,NA
"305",1.5462294017582,-0.460312718398419,0.786340531748389,-0.585385974413574,0.558288217385281,NA
"306",1.82213142281111,-0.842670961155343,0.79719540065036,-1.05704443410973,0.290491308793647,NA
"307",9.31659974252607,-0.959396969947561,1.11218927522783,-0.862620231390944,0.388346303133431,0.522371741027812
"308",1.18109779725964,-0.167277668613407,0.842604633364226,-0.198524506025471,0.842634713263666,NA
"309",2.96646500692124,1.90194345298683,0.943422408110001,2.01600411081721,0.043799545932747,0.0994368069824527
"310",7.3080492596435,3.41941654161265,1.11587865090558,3.06432651869237,0.00218160660742992,0.0107797032367125
"311",2.45011243260224,1.55449110385003,0.878038995649955,1.77041237524916,0.0766584696956675,NA
"312",2.72127734185545,-1.66947226148792,0.916788123996488,-1.82100118641406,0.0686066765203715,NA
"313",5.70202835183445,1.01851308396392,1.0546764533777,0.965711409126496,0.334188608881439,0.473120951899566
"314",1.27506449250499,0.0553951407942064,0.818209929128241,0.0677028459593823,0.946022183763994,NA
"315",2.66697301925383,1.70769139921715,0.907006125248422,1.8827782433657,0.0597304267011191,NA
"316",2.88892802944067,1.86698581358826,0.88442999291531,2.11094810052087,0.0347767730349977,0.0962773884136571
"317",2.26933582643343,1.40488678401522,0.852901363598739,1.64718552927085,0.0995199172578974,NA
"318",2.35063708633492,-1.38724101959121,0.866551767728416,-1.60087495202708,0.109404618405306,NA
"319",1.95502505271965,1.06936472946158,0.811687888280973,1.31745803393263,0.18768513911175,NA
"320",3.17321885727747,-1.95492440478645,0.969578293350198,-2.01626255269347,0.0437725284904407,0.0994368069824527
"321",109.329298783697,-1.46749396654209,1.63246305571777,-0.898944672225281,0.368682131692211,0.51412549407005
"322",463.773732411878,-1.75606159652457,1.22278100656427,-1.43612109371791,0.150967886803153,0.245444564350932
"323",1.27506449250499,0.0553951407942064,0.818209929128241,0.0677028459593823,0.946022183763994,NA
"324",10.7846929911228,-2.05086546475796,1.08700955462108,-1.88670417480633,0.0592001258518718,0.115646757478075
"325",1.83182790320452,0.948644786380714,0.797885162477596,1.18894902549006,0.234459726456582,NA
"326",2.05871612735072,-1.12718749809175,0.824899969251681,-1.36645355813783,0.171796648191116,NA
"327",4.78056587077599,-2.67109014316783,1.0354344003503,-2.57968070431518,0.00988917039824205,0.0365759920185946
"328",1.89859447108731,1.04371155537842,0.803932961199955,1.29825695145098,0.194199053782896,NA
"329",70.9072034444528,-2.74207700802631,1.37459243186067,-1.99482911768589,0.046061520458758,0.100064682375923
"330",1.79749891573548,-0.831818711913344,0.794004539920149,-1.04762462944733,0.29481158532876,NA
"331",8.82703332240734,-3.65270264748392,1.16246598966219,-3.14220173318395,0.00167682460150621,0.0086236693791748
"332",32.3817897394181,-1.54024987256306,1.18562341471699,-1.29910547771252,0.193907733510575,0.301634252127561
"333",1.54859795765805,-0.4611149290435,0.786538287870765,-0.586258718938887,0.557701667577273,NA
"334",1.27506449250499,0.0553951407942064,0.818209929128241,0.0677028459593823,0.946022183763994,NA
"335",6.65282607751665,-0.62521569650895,1.04367669539739,-0.599051123078777,0.549138793724658,0.662119502481406
"336",1.72700600792701,0.828314860010565,0.789285656170968,1.04944876868653,0.293971622565419,NA
"337",1.27506449250499,0.0553951407942064,0.818209929128241,0.0677028459593823,0.946022183763994,NA
"338",2.6195302347924,-1.59917326603715,0.903597734134844,-1.76978450213611,0.0767630465801797,NA
"339",21.5719490473312,-5.00905812671136,1.18956351527669,-4.21083705273715,2.54426217730367e-05,0.000400721292925328
"340",32.556018095825,0.0385833038510156,1.33780184877642,0.0288408211472459,0.976991543841938,0.976991543841938
"341",1.45676617964057,-0.308146254830494,0.791413958041976,-0.389361663007401,0.697008627372001,NA
"342",1.27506449250499,0.0553951407942064,0.818209929128241,0.0677028459593823,0.946022183763994,NA
"343",63.1214276257079,-0.672452659712682,1.42968592155843,-0.470349920617302,0.638105037114367,0.734257850926121
"344",1.27506449250499,0.0553951407942064,0.818209929128241,0.0677028459593823,0.946022183763994,NA
"345",1.27506449250499,0.0553951407942064,0.818209929128241,0.0677028459593823,0.946022183763994,NA
"346",21.0537677859436,-2.48818888876065,1.31204400985154,-1.8964218197545,0.0579042888699695,0.113999068712753
"347",1.18227059072173,-0.167017794018389,0.84265365925478,-0.198204555553814,0.84288502337825,NA
"348",1.27506449250499,0.0553951407942064,0.818209929128241,0.0677028459593823,0.946022183763994,NA
"349",143.941641986255,-3.35321904692727,1.12094395168208,-2.99142436327476,0.00277679317163358,0.0127227614409393
"350",1.27506449250499,0.0553951407942064,0.818209929128241,0.0677028459593823,0.946022183763994,NA
"351",52.7244636922658,-6.32467993111976,1.41715117635531,-4.4629535907283,8.08375664094109e-06,0.000185191515774287
"352",1.96673356143589,-1.03306824443677,0.812620000523816,-1.27128084931561,0.20362875279707,NA
"353",1.18227059072173,-0.167017794018389,0.84265365925478,-0.198204555553814,0.84288502337825,NA
"354",2.26100603684909,-1.30907082464219,0.853725170476203,-1.53336327651204,0.125186371792869,NA
"355",1.17792726961718,-0.167946158161085,0.842469055675603,-0.199349942920341,0.841989014279664,NA
"356",1.17792726961718,-0.167946158161085,0.842469055675603,-0.199349942920341,0.841989014279664,NA
"357",1.27506449250499,0.0553951407942064,0.818209929128241,0.0677028459593823,0.946022183763994,NA
"358",1.27506449250499,0.0553951407942064,0.818209929128241,0.0677028459593823,0.946022183763994,NA
"359",1.27506449250499,0.0553951407942064,0.818209929128241,0.0677028459593823,0.946022183763994,NA
"360",167.255419926464,-1.76496217592316,1.31512094385432,-1.34205312763894,0.17957877020172,0.288241083381105
"361",1.5462294017582,-0.460312718398419,0.786340531748389,-0.585385974413574,0.558288217385281,NA
"362",24.5883209000151,-1.62982598211749,1.24531089662018,-1.30877035328358,0.190612152223016,0.30021413975125
"363",31.0360072206252,-1.92502025393292,1.18210241005151,-1.6284716430356,0.103424917270305,0.178514240767923
"364",1.5462294017582,-0.460312718398419,0.786340531748389,-0.585385974413574,0.558288217385281,NA
"365",136.401965083577,-2.22365847654495,1.26902637846945,-1.75225551987884,0.0797298807497297,0.143513785349513
"366",3.18979874857641,-1.9624382878116,0.971407346215132,-2.02020120133721,0.0433625217339691,0.0994368069824527
"367",2.49407814670946,-1.51350585885218,0.886496625042348,-1.70728891244214,0.087768365913923,NA
"368",2.72867798958963,-1.67315945413619,0.917756612397807,-1.82309713875529,0.0682886798844794,NA
"369",1.27506449250499,0.0553951407942064,0.818209929128241,0.0677028459593823,0.946022183763994,NA
"370",92.9118773874841,0.331708235220692,1.2520326804583,0.264935764375792,0.791058946469268,0.837591825673343
"371",2.2957974121208,1.41819534584607,0.856754840959038,1.65531057199346,0.097861515535512,NA
"372",14.9443167372562,-1.4259871584452,1.12329608688425,-1.2694668619389,0.204274602317942,0.313885364537325
"373",5.55459176785964,2.97893282282517,1.06850318843157,2.787949399756,0.00530428279930468,0.0226555807699115
"374",1.27506449250499,0.0553951407942064,0.818209929128241,0.0677028459593823,0.946022183763994,NA
"375",51.6170141361413,6.34986857127175,1.39695524897365,4.54550607540006,5.48034163149817e-06,0.000153449565681949
"376",1.27506449250499,0.0553951407942064,0.818209929128241,0.0677028459593823,0.946022183763994,NA
"377",2.13965082866861,-1.21015167853541,0.836172806695017,-1.4472506984753,0.147826721787831,NA
"378",1.27506449250499,0.0553951407942064,0.818209929128241,0.0677028459593823,0.946022183763994,NA
"379",5.00628868362706,-2.74898616152058,1.04111870188925,-2.64041569566676,0.00828043911533767,0.0316162220767438
"380",34.0752082137549,-5.68482291703758,1.31708643470209,-4.3162109693457,1.58730282426048e-05,0.000285714508366886
"381",1.72700600792701,-0.724464890112645,0.78956839711642,-0.917545449841282,0.358856887959601,NA
"382",13.3939644038581,2.60677267351796,1.14669387507019,2.27329432047277,0.0230084495716637,0.0724766161507408
"383",3.24836509265728,2.0663931171329,0.974023957508987,2.1215013257144,0.0338796364958161,0.0962773884136571
"384",15.7575519924855,-4.53931790731844,1.17583899987749,-3.86049272714325,0.00011315860904471,0.00109676805689488
"385",1.27506449250499,0.0553951407942064,0.818209929128241,0.0677028459593823,0.946022183763994,NA
"386",23.8293071839393,-0.857423783439361,1.2593777129536,-0.680831314243648,0.495978233331101,0.615697117238608
"387",34.9761396389214,0.137742052774207,1.30830033970742,0.105283204929084,0.916151089428548,0.937887615917945
"388",2.35972412951783,-1.39194990668031,0.867881629317048,-1.60384764426418,0.108747639665817,NA
"389",10.0833051828637,3.91885602810911,1.18211561437035,3.31512077200373,0.000916035388216025,0.00536839343791717
"390",1.27506449250499,0.0553951407942064,0.818209929128241,0.0677028459593823,0.946022183763994,NA
"391",12.0780374319815,-0.460124417779783,1.23323563435098,-0.373103407786245,0.709071482473465,0.775226263277288
"392",143.540138573355,0.692704718338224,1.29705279128853,0.534060543249029,0.593299647197216,0.701931976965721
"393",25.6402537766177,2.18810465244295,1.24558596935628,1.75668697807648,0.0789711783242832,0.143513785349513
"394",10.8154802587129,-0.927933631480013,1.19795762664152,-0.774596372061573,0.438578201740327,0.572651330769753
"395",2.17137498736326,-1.22642845686691,0.840935032828477,-1.45841047047574,0.144727436340387,NA
"396",2.99244225110866,1.92759951737498,0.946093640166699,2.03742994936034,0.0416069751507968,0.0994368069824527
"397",51.4028256218826,-0.543122025743767,1.12524118915133,-0.482671653846403,0.629328893169508,0.730833553358139
"398",1.18109779725964,-0.167277668613407,0.842604633364226,-0.198524506025471,0.842634713263666,NA
"399",3.59991839653868,-0.408848824271302,0.944754234146359,-0.432756805414819,0.665191456625658,0.751513115304697
"400",11.8127304800949,-4.10197932811935,1.09389620104528,-3.74987985532784,0.000176919314475701,0.00139323960149615
"401",2.17137498736326,-1.22642845686691,0.840935032828477,-1.45841047047574,0.144727436340387,NA
"402",2.6195302347924,-1.59917326603715,0.903597734134844,-1.76978450213611,0.0767630465801799,NA
"403",4.65469499369502,2.68707421347794,1.12031645802007,2.39849570560339,0.0164625695269716,0.0553142336106244
"404",53.1323630789821,-0.834472690967368,1.08705718561036,-0.767643783614597,0.442698842899119,0.574208622274962
"405",2.05871612735072,-1.12718749809175,0.824899969251681,-1.36645355813783,0.171796648191116,NA
"406",3.62135628293483,-1.96483089500754,0.932622059799826,-2.10678149241856,0.0351365244773865,0.0962773884136571
"407",2.6743605201965,1.71131586110191,0.907983909911719,1.88474249644831,0.0594646118992123,NA
"408",2.52989918530657,-1.53192801899993,0.89154977967831,-1.71827536040969,0.085746401423534,NA
"409",2.27442377175068,-1.31600559985454,0.855746010849236,-1.53784602343462,0.124086267513384,NA
"410",10.7305372844369,-3.95569546445289,1.18740012099786,-3.33139216890817,0.000864127710344599,0.0051847662620676
"411",23.9865839421427,0.925883131562596,1.31016285552766,0.706693162347135,0.479757179670363,0.607531704909204
"412",1.27506449250499,0.0553951407942064,0.818209929128241,0.0677028459593823,0.946022183763994,NA
"413",1.27506449250499,0.0553951407942064,0.818209929128241,0.0677028459593823,0.946022183763994,NA
"414",1.90778261409581,-0.948190014362849,0.806037358750791,-1.17635988464898,0.239451094874814,NA
"415",407.990849865739,-1.63446876203313,1.10766618004853,-1.47559688241229,0.140052142563707,0.229989407180394
"416",84.6809629111293,5.02048993308618,1.46537820054972,3.42607112020829,0.000612380013468512,0.00385799408485163
"417",1.18227059072173,-0.167017794018389,0.84265365925478,-0.198204555553814,0.84288502337825,NA
"418",2.53721794979835,-1.53526946860139,0.849748978726864,-1.80673293765132,0.0708039294597167,NA
"419",2.17894752334903,-1.23030537366518,0.842068270830679,-1.46105181287916,0.144001222856794,NA
"420",39.6615968956691,-0.385904147192235,1.55037583624485,-0.248910063076659,0.803430351029632,0.84502170829124
"421",32.9634711378552,-0.887641113204698,1.2741431421917,-0.696657293683528,0.486017291167658,0.610324249939546
"422",1.27506449250499,0.0553951407942064,0.818209929128241,0.0677028459593823,0.946022183763994,NA
"423",2.08855922026462,1.23766408779141,0.827871267905119,1.49499582335216,0.13491553217559,NA
"424",2.35972412951783,1.48164907928492,0.865560304382213,1.71178030205814,0.0869371634527704,NA
"425",21.9903738518651,-1.67257264276084,1.12354902137448,-1.48865123901289,0.136579231393892,0.226433988889874
"426",1.4558410986738,-0.307862259094545,0.791349926556774,-0.389034292874807,0.697250778625478,NA
"427",8.87003208946974,-3.66193375213535,1.15892792227823,-3.15975970700292,0.00157899305779986,0.00846609043756519
"428",6.33038882559438,-3.1307088939746,1.04130489947058,-3.0065246937437,0.00264252589835971,0.0123317875256786
"429",3.85192994023397,-2.30234288677389,0.929535250970333,-2.47687528189006,0.0132538206511289,0.0463883722789512
"430",1.88457131960723,-0.937345567969809,0.802812982681848,-1.1675764943892,0.242977636202776,NA
"431",1.27506449250499,0.0553951407942064,0.818209929128241,0.0677028459593823,0.946022183763994,NA
"432",2.14578853122247,-1.21330529584891,0.837093885005944,-1.449425587239,0.147218767329708,NA
"433",1.45742013594036,-0.308346026691745,0.791459323805796,-0.389591754645126,0.696838450172092,NA
"434",1.27506449250499,0.0553951407942064,0.818209929128241,0.0677028459593823,0.946022183763994,NA
"435",1.27506449250499,0.0553951407942064,0.818209929128241,0.0677028459593823,0.946022183763994,NA
"436",9.0063946374863,0.338648887898649,1.12215127357083,0.301785415099183,0.762815649877291,0.821493776790929
"437",92.6978944816848,-3.34295595062686,1.50403182811951,-2.22266303686309,0.0262385301225699,0.0777895245986779
"438",2.22610946228498,-1.29098343208645,0.848522954221756,-1.52144785908651,0.128147486512774,NA
"439",1.53628170412023,-0.456876199762898,0.785519213778119,-0.5816232012524,0.56082051157115,NA
"440",1.90248183890578,-0.945718850850517,0.805298881826817,-1.17437000372478,0.240246854699973,NA
"441",1.27506449250499,0.0553951407942064,0.818209929128241,0.0677028459593823,0.946022183763994,NA
"442",2.26100603684909,-1.30907082464219,0.853725170476203,-1.53336327651204,0.125186371792869,NA
"443",2.20712600852877,1.33778046258474,0.844402869298668,1.58429170627506,0.113127352292984,NA
"444",2.34397302721753,1.4736861930419,0.863286342947373,1.70706533826372,0.0878099087477838,NA
"445",4.95800260503681,-2.73199969851417,0.985491146949895,-2.77222145218629,0.00556751460147047,0.023383561326176
"446",2.30033216013115,1.42047175511577,0.8574130472236,1.65669482137625,0.0975811905393746,NA
"447",2.6195302347924,-1.59917326603715,0.903597734134844,-1.76978450213611,0.0767630465801799,NA
"448",1.27506449250499,0.0553951407942064,0.818209929128241,0.0677028459593823,0.946022183763994,NA
"449",1.96673356143589,-1.03306824443677,0.812620000523816,-1.27128084931561,0.20362875279707,NA
"450",1.27506449250499,0.0553951407942064,0.818209929128241,0.0677028459593823,0.946022183763994,NA
"451",2.08174393787743,-1.13877336493739,0.828316363889562,-1.37480486270971,0.169191950166037,NA
"452",2.0062611350994,1.15024620691691,0.79441883896115,1.44790902544692,0.147642495161602,NA
"453",3.24836509265728,2.0663931171329,0.974023957508987,2.1215013257144,0.0338796364958161,0.0962773884136571
"454",2.08174393787743,-1.13877336493739,0.828316363889562,-1.37480486270971,0.169191950166037,NA
"455",1.27506449250499,0.0553951407942064,0.818209929128241,0.0677028459593823,0.946022183763994,NA
"456",1.81739431101141,0.942429690230459,0.796036477175772,1.18390264422815,0.236451603343838,NA
"457",1.54761702320836,-0.460783413064986,0.786456286106103,-0.585898315272441,0.557943849533447,NA
"458",1.18227059072173,-0.167017794018389,0.84265365925478,-0.198204555553814,0.84288502337825,NA
"459",379.378754041003,-1.48398840411695,1.39671141574886,-1.06248748838449,0.2880144349852,0.415733375203416
"460",3.5413268441032,-0.619109470365119,0.89029583652096,-0.695397467862407,0.48680624697559,0.610324249939546
"461",2.2428774718657,-0.0631164081236865,0.783524173306597,-0.080554512896935,0.935796242033814,NA
"462",2.35063708633492,-1.38724101959121,0.866551767728416,-1.60087495202708,0.109404618405306,NA
"463",3.14565442825194,2.02086318257248,0.962847843654037,2.0988395995189,0.0358310427485617,0.0962773884136571
"464",11.1073317472809,-4.00814779342025,1.13826430968237,-3.52128039096535,0.000429468236223225,0.00309217130080722
"465",1.27506449250499,0.0553951407942064,0.818209929128241,0.0677028459593823,0.946022183763994,NA
"466",1.27506449250499,0.0553951407942064,0.818209929128241,0.0677028459593823,0.946022183763994,NA
"467",1.27506449250499,0.0553951407942064,0.818209929128241,0.0677028459593823,0.946022183763994,NA
"468",1.53628170412023,-0.456876199762898,0.785519213778119,-0.5816232012524,0.56082051157115,NA
"469",1.81285078941995,-0.838596243824731,0.795988190666505,-1.05352849911322,0.292098839749878,NA
"470",2.70027587212171,1.74286008927179,0.910971559831491,1.91318825539864,0.0557239565055036,NA
"471",3.0906957984486,-1.91709788462427,0.960293495236523,-1.99636662555137,0.045894030797766,0.100064682375923
"472",1.27506449250499,0.0553951407942064,0.818209929128241,0.0677028459593823,0.946022183763994,NA
"473",1.4558410986738,-0.307862259094545,0.791349926556774,-0.389034292874807,0.697250778625478,NA
"474",2.96750300579985,1.91601363734171,0.943151336471403,2.03150179960521,0.0422041171714243,0.0994368069824527
"475",2.6195302347924,-1.59917326603715,0.903597734134844,-1.76978450213611,0.0767630465801799,NA
"476",1.99211288839161,-1.04546222076438,0.816309610371448,-1.28071776625129,0.200292817154384,NA
"477",1.54395764096247,-0.459537655015317,0.786151645118598,-0.584540728075423,0.558856572074075,NA
"478",1.27506449250499,0.0553951407942064,0.818209929128241,0.0677028459593823,0.946022183763994,NA
"479",27.6101386778395,4.61984907460025,1.30754473302326,3.53322449161522,0.000410523719577283,0.00304270521569045
"480",20.0625921021995,-2.89918466001733,1.1639463301462,-2.49082331799025,0.0127447479310009,0.045234879980454
"481",2.75529535832471,-1.70344475508631,0.920848469393814,-1.84986434978567,0.0643331032758908,NA
"482",1.27506449250499,0.0553951407942064,0.818209929128241,0.0677028459593823,0.946022183763994,NA
"483",1.27506449250499,0.0553951407942064,0.818209929128241,0.0677028459593823,0.946022183763994,NA
"484",5.47823237585359,0.436061967504617,1.0401853875808,0.419215625128886,0.675058553756386,0.756065580207153
"485",4.5104292946648,-1.96752815668306,1.00404503340447,-1.95960150314339,0.0500423855547705,0.103366239014772
"486",2.90205394802426,-1.79050792463513,0.939041835545849,-1.90673924936938,0.0565543616953567,0.112218103521495
"487",2.26100603684909,-1.30907082464219,0.853725170476203,-1.53336327651204,0.125186371792869,NA
"488",1.27506449250499,0.0553951407942064,0.818209929128241,0.0677028459593823,0.946022183763994,NA
"489",2.11020960855429,1.24825853110707,0.830879618437767,1.50233379590423,0.133010924729253,NA
"490",142.029929660101,0.388129687862504,1.16513026038387,0.33312128356758,0.739042734068883,0.799308021396388
"491",2.65840263036679,-1.63792527576215,0.908449572256516,-1.80298975945762,0.0713898229615167,NA
"492",1.6366177048426,0.704023516342809,0.785849942938378,0.895875252863656,0.370319392589913,NA
"493",26.3900454636617,-1.33654255107603,1.25973693791527,-1.06096956503305,0.28870373278015,0.415733375203416
"494",1.27506449250499,0.0553951407942064,0.818209929128241,0.0677028459593823,0.946022183763994,NA
"495",2.08174393787743,-1.13877336493739,0.828316363889562,-1.37480486270971,0.169191950166037,NA
"496",2.76636291814305,1.77500511597312,0.919507209379696,1.93038738344482,0.0535588570066144,NA
"497",87.326663026855,0.75677601905608,1.32863432838581,0.569589391819725,0.568956225111974,0.679511700133732
"498",2.91777853121588,-1.81183079557473,0.940580615217846,-1.92628974726966,0.0540682049074134,0.108136409814827
"499",1.6335886904483,-0.597204561690237,0.785640484689759,-0.760149932861551,0.447164968391412,NA
"500",273.214667657235,-1.59764554330579,1.51535403829425,-1.05430513459691,0.291743238709603,0.417723273606932
"501",248.386700439657,-1.46387689243842,1.33907642179363,-1.09319891577034,0.274306472991632,0.399567810369313
"502",566.985662928997,-4.28612929915531,1.40351537765331,-3.05385275245202,0.00225922940034506,0.010948573247826
"503",1.27506449250499,0.0553951407942064,0.818209929128241,0.0677028459593823,0.946022183763994,NA
"504",1.27506449250499,0.0553951407942064,0.818209929128241,0.0677028459593823,0.946022183763994,NA
"505",1.6335886904483,-0.597204561690237,0.785640484689759,-0.760149932861551,0.447164968391411,NA
"506",1.46163729619719,0.418312265767069,0.791817140195812,0.528294027158369,0.597295276540877,NA
"507",17.5162492967186,-1.46575972311711,1.11781618763145,-1.31127079687665,0.189766290995318,0.30021413975125
"508",1.71042651186373,-0.717658194565578,0.787667253720982,-0.911118484582573,0.362232947972208,NA
"509",1.27506449250499,0.0553951407942064,0.818209929128241,0.0677028459593823,0.946022183763994,NA
"510",2.48138521568731,1.57019705869887,0.882433360385036,1.77939448936262,0.0751751092905908,NA
"511",1.6478890989145,0.708183966384222,0.786960091977263,0.899898195097653,0.368174430741259,NA
"512",9.54500592402742,1.33830566000972,1.10628380360637,1.20973086259329,0.226382183193342,0.337563965471729
"513",2.4966315306945,1.57782588126532,0.884560656014988,1.78373961190355,0.0744659862732956,NA
"514",51.5369060082763,-1.06851632360154,1.24193798820197,-0.860362058131817,0.389589493920991,0.522371741027812
"515",1.4558410986738,-0.307862259094545,0.791349926556774,-0.389034292874807,0.697250778625478,NA
"516",39.3618766278725,-0.292336008009045,1.18276915635248,-0.247162353227553,0.804782579324991,0.84502170829124
"517",2.18357292818289,-1.2326718957629,0.842759942917279,-1.46266075662769,0.143560229391581,NA
"518",2.74274769482111,-0.333272525264589,0.847788697696628,-0.393108006948032,0.694239710509764,NA
"519",2.08855922026462,1.23766408779141,0.827871267905119,1.49499582335216,0.13491553217559,NA
"520",1.81739431101141,0.942429690230459,0.796036477175772,1.18390264422815,0.236451603343838,NA
"521",39.8948677802795,-0.759370670836197,1.48357769665102,-0.511850961732827,0.608755320678835,0.710214540791974
"522",1.27506449250499,0.0553951407942064,0.818209929128241,0.0677028459593823,0.946022183763994,NA
"523",1.7073576605868,-0.716386625307826,0.787318956800428,-0.909906485954736,0.362871828952981,NA
"524",5.23521887545839,0.608606477674343,1.01337945047075,0.600571165511222,0.548125647936789,0.662119502481406
"525",1.62089902697044,-0.592384404267794,0.78439641964317,-0.75521048978943,0.450122695632524,NA
"526",1.6478890989145,0.708183966384222,0.786960091977263,0.899898195097653,0.368174430741259,NA
"527",1.88457131960723,-0.937345567969809,0.802812982681848,-1.1675764943892,0.242977636202776,NA
"528",1.27506449250499,0.0553951407942064,0.818209929128241,0.0677028459593823,0.946022183763994,NA
"529",2.66822295445296,-1.64287855423331,0.909764949993175,-1.80582748790843,0.0709452903880061,NA
"530",1.27506449250499,0.0553951407942064,0.818209929128241,0.0677028459593823,0.946022183763994,NA
"531",7.52154758222104,-0.908732745190058,1.05848002776628,-0.858526114193924,0.390602016984835,0.522371741027812
"532",1.27506449250499,0.0553951407942064,0.818209929128241,0.0677028459593823,0.946022183763994,NA
"533",8.93169313831705,-0.690151074170912,1.0643456813065,-0.648427560981639,0.516708449120606,0.63517331306533
"534",2.16582160476544,1.31718711425821,0.838340280051157,1.57118433361908,0.116139837982021,NA
"535",1.74109525051688,0.833962492956481,0.790898026056402,1.05445008772472,0.291676900701488,NA
"536",1.45676617964057,-0.308146254830494,0.791413958041976,-0.389361663007401,0.697008627372001,NA
"537",1.27506449250499,0.0553951407942064,0.818209929128241,0.0677028459593823,0.946022183763994,NA
"538",8.14650757209563,-0.3095663334683,1.10273484066286,-0.280725993278871,0.778920570365878,0.835268015881708
"539",12.0755396124486,4.1965497739688,1.21598371612181,3.45115622711876,0.000558190358553627,0.00368511073012245
"540",25.2608775318857,2.10957590374936,1.14154585106343,1.84799927377788,0.0646024478923254,0.121491170663179
"541",1.27506449250499,0.0553951407942064,0.818209929128241,0.0677028459593823,0.946022183763994,NA
"542",1.96673356143589,-1.03306824443677,0.812620000523816,-1.27128084931561,0.20362875279707,NA
"543",2.66392656266526,-1.64201961482444,0.862477136149038,-1.90384132634062,0.056930852487161,NA
"544",1.27506449250499,0.0553951407942064,0.818209929128241,0.0677028459593823,0.946022183763994,NA
"545",2.66822295445296,-1.64287855423331,0.909764949993175,-1.80582748790843,0.0709452903880061,NA
"546",1.27506449250499,0.0553951407942064,0.818209929128241,0.0677028459593823,0.946022183763994,NA
"547",2.99244225110866,1.92759951737498,0.946093640166699,2.03742994936034,0.0416069751507968,0.0994368069824527
"548",1.27506449250499,0.0553951407942064,0.818209929128241,0.0677028459593823,0.946022183763994,NA
"549",1.17792726961718,-0.167946158161085,0.842469055675603,-0.199349942920341,0.841989014279664,NA
"550",1.27506449250499,0.0553951407942064,0.818209929128241,0.0677028459593823,0.946022183763994,NA
"551",3.20594228577148,0.0501948570041901,0.900092470341402,0.0557663336358667,0.955527955056386,0.961706240803026
"552",5.84889297779325,-0.936867658783727,1.05522322050846,-0.887838364978639,0.374627702703439,0.518504652059821
"553",1.6366177048426,0.704023516342809,0.785849942938378,0.895875252863656,0.370319392589913,NA
"554",1.27506449250499,0.0553951407942064,0.818209929128241,0.0677028459593823,0.946022183763994,NA
"555",1.27506449250499,0.0553951407942064,0.818209929128241,0.0677028459593823,0.946022183763994,NA
"556",1.27506449250499,0.0553951407942064,0.818209929128241,0.0677028459593823,0.946022183763994,NA
"557",26.6024287187691,-5.31998951484411,1.25200906440221,-4.24916213956023,2.14571571958272e-05,0.000360480240889897
"558",2.08855922026462,1.23766408779141,0.827871267905119,1.49499582335216,0.13491553217559,NA
"559",1.4558410986738,0.416536051364495,0.791417693399586,0.526316324285395,0.598668442731674,NA
"560",1.27506449250499,0.0553951407942064,0.818209929128241,0.0677028459593823,0.946022183763994,NA
"561",12.8948064611063,-4.23714030024473,1.14928520031662,-3.68676138792827,0.000227126136910247,0.00173441777276916
"562",1.99817091718022,1.14599022071462,0.816024842309874,1.40435702603212,0.16021256089578,NA
"563",2.65840263036679,-1.63792527576215,0.908449572256516,-1.80298975945762,0.0713898229615167,NA
"564",1.27506449250499,0.0553951407942064,0.818209929128241,0.0677028459593823,0.946022183763994,NA
"565",11.868555591792,-4.11110568171404,1.17867643734106,-3.48790011530912,0.000486829910810916,0.00340780937567642
"566",1.45742013594036,-0.308346026691745,0.791459323805796,-0.389591754645126,0.696838450172092,NA
"567",1.64821009988939,0.708301351514726,0.786991941487007,0.90001093299177,0.368114432506449,NA
"568",1.74172744108926,0.834358801748238,0.804144828412584,1.03757280065495,0.299468986298304,NA
"569",1.17792726961718,-0.167946158161085,0.842469055675603,-0.199349942920341,0.841989014279664,NA
"570",1.18185834090261,-0.167109948597889,0.842636498297821,-0.198317956717353,0.842796303272435,NA
"571",2.14578853122247,-1.21330529584891,0.837093885005944,-1.449425587239,0.147218767329708,NA
"572",1.27506449250499,0.0553951407942064,0.818209929128241,0.0677028459593823,0.946022183763994,NA
"573",6.63342224381867,-1.10847431263464,1.0738515704205,-1.03224164602244,0.301958929985703,0.429907629132187
"574",2.17137498736326,-1.22642845686691,0.840935032828477,-1.45841047047574,0.144727436340386,NA
"575",53.2585867800905,-2.39917881356981,1.39319493918265,-1.7220697162289,0.0850568902016218,0.15195304861624
"576",1.27506449250499,0.0553951407942064,0.818209929128241,0.0677028459593823,0.946022183763994,NA
"577",1.27506449250499,0.0553951407942064,0.818209929128241,0.0677028459593823,0.946022183763994,NA
"578",1.27506449250499,0.0553951407942064,0.818209929128241,0.0677028459593823,0.946022183763994,NA
"579",32.8211831798487,-3.71647177970063,1.34427472845327,-2.76466685048585,0.00569809578622207,0.0235396743955404
"580",84.3796544874404,-7.00974187681252,1.45573776883711,-4.81525040214634,1.47015420138239e-06,6.17464764580604e-05
"581",1.18227059072173,-0.167017794018389,0.84265365925478,-0.198204555553814,0.84288502337825,NA
"582",1.27506449250499,0.0553951407942064,0.818209929128241,0.0677028459593823,0.946022183763994,NA
"583",29.8153152260576,0.147561061451911,1.49658293201277,0.0985986531688256,0.921456939426951,0.937887615917945
"584",1.17792726961718,-0.167946158161085,0.842469055675603,-0.199349942920341,0.841989014279664,NA
"585",2.48835664879796,-1.80096967174607,0.975965109246401,-1.84532177911227,0.0649907441610138,NA
"586",2.17137498736326,-1.22642845686691,0.840935032828477,-1.45841047047574,0.144727436340387,NA
"587",1.53444039335408,-0.456227568814069,0.785368852736779,-0.580908661228734,0.561302014639638,NA
"588",2.85256082282034,1.83320901355642,0.930006553054319,1.97117859818924,0.0487034509993087,0.103136719763242
"589",2.63088903877105,1.68991677633277,0.902194626215222,1.87311775888326,0.0610521255625997,NA
"590",12.3853472835318,-4.17596896205736,1.20889614351039,-3.45436536006408,0.000551589558551606,0.00368511073012245
"591",2.48548536313406,-1.50907070217226,0.885252018646328,-1.70467919912776,0.0882542713569148,NA
"592",58.0511655720829,-2.38454395063343,1.41362778247285,-1.68682589589613,0.0916368345081804,0.160364460389316
"593",50.162657527918,-2.04609004650009,1.19706946895169,-1.70924921198759,0.0874047966122533,0.154028033190824
"594",1.90248183890578,-0.945718850850517,0.805298881826817,-1.17437000372478,0.240246854699973,NA
"595",1.27506449250499,0.0553951407942064,0.818209929128241,0.0677028459593823,0.946022183763994,NA
"596",2.48138521568731,1.57019705869887,0.882433360385036,1.77939448936262,0.0751751092905908,NA
"597",38.6509921169039,1.39737637962558,1.14129190225253,1.22438122698288,0.220808447829959,0.333195981156584
"598",4.81938859020823,0.351416671501666,1.00324488930129,0.350280051510064,0.726128534699974,0.78872582217411
"599",139.108518689364,-2.72056767057109,1.21823742525297,-2.23319987892029,0.0255357663168128,0.0775302784558655
"600",1.44798175973771,-0.305380146686516,0.790812846505044,-0.38615982028634,0.699378308930086,NA
"601",6.97538929728449,-3.28368240862834,1.0108305772197,-3.24849928626035,0.00116015499879525,0.00664452408400916
"602",1.45432659147664,-0.307393716880772,0.791245460314417,-0.388493498286388,0.6976508646046,NA
"603",36.3904477963344,-2.49332695052482,1.12056288388919,-2.22506651467084,0.0260767732565903,0.0777895245986779
"604",2.97625304072021,-1.59228237773597,0.907103530999733,-1.75534800970413,0.0791997991409253,0.143513785349513
"605",1.27506449250499,0.0553951407942064,0.818209929128241,0.0677028459593823,0.946022183763994,NA
"606",109.892707256092,-2.76176548163909,1.52870676923799,-1.80660250691225,0.0708242783600011,0.130275314939564
"607",57.0839486895814,1.22996565187378,1.61607015401845,0.761084318533696,0.44660670621386,0.574208622274962
"608",4.59817360907733,2.05008892188123,0.977204832187314,2.09791115880223,0.0359129940908086,0.0962773884136571
"609",8.98413815342696,-3.68163683126107,1.16053201545212,-3.17236989780656,0.00151200289198443,0.00828314627782773
"610",1.7073576605868,-0.716386625307826,0.787318956800428,-0.909906485954736,0.362871828952981,NA
"611",11.792539890017,-3.28297372277901,1.16870761279968,-2.80906335068233,0.00496858684421911,0.0215876531852279
"612",1.27506449250499,0.0553951407942064,0.818209929128241,0.0677028459593823,0.946022183763994,NA
"613",1.81285078941995,-0.838596243824731,0.795988190666505,-1.05352849911322,0.292098839749878,NA
"614",12.8381837142277,1.01056066734624,1.24287878174335,0.813080633598681,0.416171829190206,0.546225525812145
"615",1.27506449250499,0.0553951407942064,0.818209929128241,0.0677028459593823,0.946022183763994,NA
"616",2.22610946228498,-1.29098343208645,0.848522954221756,-1.52144785908651,0.128147486512774,NA
"617",2.54050073568664,1.62380414022973,0.890244742593929,1.82399744984555,0.0681524577741095,NA
"618",1.27506449250499,0.0553951407942064,0.818209929128241,0.0677028459593823,0.946022183763994,NA
"619",29.3399152283073,-5.46488798744671,1.33250751108419,-4.10120614104473,4.11002211122082e-05,0.000575403095570915
"620",3.03906340593409,-1.88249103910266,0.881556412827293,-2.13541755435164,0.0327269180404885,0.0958974807698034
"621",2.91777853121588,-1.81183079557473,0.940580615217846,-1.92628974726966,0.0540682049074134,0.108136409814827
"622",1.27506449250499,0.0553951407942064,0.818209929128241,0.0677028459593823,0.946022183763994,NA
"623",1.90778261409581,1.04791112101882,0.805187302056042,1.30145013258776,0.193104423170092,NA
"624",1.27506449250499,0.0553951407942064,0.818209929128241,0.0677028459593823,0.946022183763994,NA
"625",2.35063708633492,-1.38724101959121,0.866551767728416,-1.60087495202708,0.109404618405306,NA
"626",1.27506449250499,0.0553951407942064,0.818209929128241,0.0677028459593823,0.946022183763994,NA
"627",1.5491028767502,0.56855625574523,0.793671220362904,0.716362444747914,0.473767577979333,NA
"628",1.17792726961718,-0.167946158161085,0.842469055675603,-0.199349942920341,0.841989014279664,NA
"629",2.58115055058121,-1.57964808084437,0.89832956209595,-1.75842825116296,0.0786746696983652,NA
"630",7.28931041049382,1.33438055968041,1.02405979051346,1.30302993247235,0.192564542771342,0.301405371294275
"631",1.17792726961718,-0.167946158161085,0.842469055675603,-0.199349942920341,0.841989014279664,NA
"632",1.83886466397707,0.951661212476196,0.798791263382939,1.19137659123341,0.233505778347515,NA
"633",1.74489796873172,0.83547557881699,0.791336999169104,1.05577722221283,0.291070007021073,NA
"634",1.63977577937574,-0.599516977617991,0.786254797368922,-0.76249706790239,0.445763392461731,NA
"635",1.64624009963801,0.707580018460183,0.786796681961962,0.899317491649503,0.368483573050637,NA
"636",1.27506449250499,0.0553951407942064,0.818209929128241,0.0677028459593823,0.946022183763994,NA
"637",131.571747921742,-7.65457673201363,1.50664666718069,-5.08053872135612,3.76366006551874e-07,2.37110584127681e-05
"638",1.6335886904483,-0.597204561690237,0.785640484689759,-0.760149932861551,0.447164968391411,NA
"639",3.0906957984486,-1.91709788462427,0.960293495236523,-1.99636662555137,0.045894030797766,0.100064682375923
"640",1.97164372347897,-1.03546997570609,0.813332785497091,-1.2731196801236,0.202975576419745,NA
"641",1.27506449250499,0.0553951407942064,0.818209929128241,0.0677028459593823,0.946022183763994,NA
"642",1.27506449250499,0.0553951407942064,0.818209929128241,0.0677028459593823,0.946022183763994,NA
"643",3.22381636981001,-0.10390273714921,0.902774338435377,-0.115092701160831,0.908371645090047,0.937887615917945
"644",2.2404178144863,-1.29887941438452,0.827121826498847,-1.57036046295936,0.116331275078449,NA
"645",2.82508746170567,-1.7378328166645,0.929835426850655,-1.86896817058319,0.0616272428264551,0.118675380792004
"646",62.2761849069417,-0.926122524570278,1.30494068850938,-0.709704688286009,0.477887284245398,0.607531704909204
"647",1.17792726961718,-0.167946158161085,0.842469055675603,-0.199349942920341,0.841989014279664,NA
"648",1.6335886904483,-0.597204561690237,0.785640484689759,-0.760149932861551,0.447164968391411,NA
"649",2.05871612735072,-1.12718749809175,0.824899969251681,-1.36645355813783,0.171796648191116,NA
"650",3.23898274496055,2.06202650360389,0.922230969737818,2.23591114511163,0.0253575921145096,0.0775302784558655
"651",3.46976899880585,-1.66873648061191,0.908514882676294,-1.83677396202488,0.0662432713102841,0.123654106445864
"652",1.17792726961718,-0.167946158161085,0.842469055675603,-0.199349942920341,0.841989014279664,NA
"653",1.7073576605868,-0.716386625307826,0.787318956800428,-0.909906485954736,0.362871828952981,NA
"654",25.6464417839517,-5.26600033794734,1.11028270338814,-4.74293648084185,2.10642332371253e-06,7.58312396536511e-05
"655",2.66592619968285,0.763358958053372,0.845020590639897,0.903361369544041,0.366334135418585,NA
"656",1.62335410799198,-0.593325497729501,0.784635428762943,-0.756179846052757,0.449541374549799,NA
"657",1.27506449250499,0.0553951407942064,0.818209929128241,0.0677028459593823,0.946022183763994,NA
"658",2.81166564493985,1.81366120067599,0.924856521599582,1.96101898869587,0.0498768078502213,0.103366239014772
"659",1.27506449250499,0.0553951407942064,0.818209929128241,0.0677028459593823,0.946022183763994,NA
"660",3.14565442825194,2.02086318257248,0.962847843654037,2.0988395995189,0.0358310427485617,0.0962773884136571
"661",1.27506449250499,0.0553951407942064,0.818209929128241,0.0677028459593823,0.946022183763994,NA
"662",1.27506449250499,0.0553951407942064,0.818209929128241,0.0677028459593823,0.946022183763994,NA
"663",2.52212444966962,1.61460646439371,0.887708624134877,1.81884733401936,0.0689347246279402,NA
"664",381.675515818279,4.53227178261389,1.42012591976808,3.19145768662123,0.00141556843736006,0.00792718324921634
"665",1.27506449250499,0.0553951407942064,0.818209929128241,0.0677028459593823,0.946022183763994,NA
"666",1.27506449250499,0.0553951407942064,0.818209929128241,0.0677028459593823,0.946022183763994,NA
"667",1.27506449250499,0.0553951407942064,0.818209929128241,0.0677028459593823,0.946022183763994,NA
"668",30.8085305305658,1.87155821847398,1.37053787822349,1.36556475250427,0.172075616098066,0.277968302927645
"669",19.8305497175238,0.524113763818427,1.31279768496373,0.399234223080541,0.689720628663724,0.76906901957194
"670",2.54050073568664,1.62380414022973,0.890244742593929,1.82399744984555,0.0681524577741095,NA
"671",2.26933582643343,-1.31337731531332,0.854990383032771,-1.53613109735175,0.124506230741446,NA
"672",1.27506449250499,0.0553951407942064,0.818209929128241,0.0677028459593823,0.946022183763994,NA
"673",2.35063708633492,-1.38724101959121,0.866551767728416,-1.60087495202708,0.109404618405306,NA
"674",1.27506449250499,0.0553951407942064,0.818209929128241,0.0677028459593823,0.946022183763994,NA
"675",2.52545647922832,0.242775392739451,0.817318369397297,0.297038953031824,0.766436770265364,NA
"676",5.18043349137056,-2.80533298612012,1.04898114865056,-2.67434070643594,0.00748763383275278,0.0290289803977492
"677",40.819008620479,-0.905026300766729,1.38376696497708,-0.654030861895681,0.513091922659463,0.633819433873454
"678",2.35063708633492,-1.38724101959121,0.866551767728416,-1.60087495202708,0.109404618405306,NA
"679",14.4504463983382,-4.40839620866604,1.05384202008888,-4.18316609570594,2.87477199956874e-05,0.000426142672877249
"680",14.6747096421307,-4.43182002473476,1.12683687666318,-3.93297389934416,8.3901350990328e-05,0.000970155658143616
"681",1.18185834090261,-0.167109948597889,0.842636498297821,-0.198317956717353,0.842796303272435,NA
"682",1.27506449250499,0.0553951407942064,0.818209929128241,0.0677028459593823,0.946022183763994,NA
"683",96.4768946589636,-0.142753521820305,1.44116993012706,-0.0990539136545261,0.921095463635347,0.937887615917945
"684",38.2745190025441,-0.777846467515121,1.26008215988745,-0.61729821457404,0.537038044272788,0.653785445201655
"685",1.27506449250499,0.0553951407942064,0.818209929128241,0.0677028459593823,0.946022183763994,NA
"686",2.79879233376405,-1.72493518880153,0.926498292261327,-1.86177913462899,0.0626342287513357,0.118675380792004
"687",32.0624083554967,0.529313968262954,1.37805480887739,0.384102261283897,0.700902655543085,0.771298992126015
"688",1.18227059072173,-0.167017794018389,0.84265365925478,-0.198204555553814,0.84288502337825,NA
"689",5.32512720385536,-2.8488805426447,1.05556944729537,-2.69890394226947,0.00695682532879438,0.0273924997321279
"690",1.54761702320836,-0.460783413064986,0.786456286106103,-0.585898315272441,0.557943849533447,NA
"691",2.13331556050172,-1.51201071160025,0.915410873533828,-1.65172902716714,0.0985898025436544,NA
"692",10.2357096965621,-1.47774050363465,1.17313621392178,-1.2596495497267,0.207795812402987,0.317360877124563
"693",49.7685826088111,1.14882793476796,1.27955125940245,0.897836586323598,0.369272676296346,0.51412549407005
"694",1.27506449250499,0.0553951407942064,0.818209929128241,0.0677028459593823,0.946022183763994,NA
"695",1.99211288839161,-1.04546222076438,0.816309610371448,-1.28071776625129,0.200292817154384,NA
"696",2.72127734185545,1.75312024818386,0.913706802678721,1.91869015645305,0.0550235580092842,NA
"697",26.1164761250026,-0.162709007538051,1.17592869936628,-0.138366388732358,0.889950859373165,0.922912002312912
"698",2.5515539965526,-1.54300920286511,0.894558730778841,-1.72488306220174,0.0845485486045911,NA
"699",2.87221085511036,-1.77631419163863,0.885597257305622,-2.00578104435753,0.0448796139378338,0.100064682375923
"700",1.27506449250499,0.0553951407942064,0.818209929128241,0.0677028459593823,0.946022183763994,NA
"701",2.20712600852877,1.33778046258474,0.844402869298668,1.58429170627506,0.113127352292984,NA
"702",1.62089902697044,-0.592384404267794,0.78439641964317,-0.75521048978943,0.450122695632524,NA
"703",1.27506449250499,0.0553951407942064,0.818209929128241,0.0677028459593823,0.946022183763994,NA
"704",1.45676617964057,-0.308146254830494,0.791413958041976,-0.389361663007401,0.697008627372001,NA
"705",1.65093127348638,0.709294095226484,0.787262449705749,0.900962691020756,0.367608156887653,NA
"706",1.90248183890578,-0.945718850850517,0.805298881826817,-1.17437000372478,0.240246854699973,NA
"707",121.256238471354,-0.344231704445055,1.26862493641346,-0.271342375957259,0.786127717226008,0.835882636037781
"708",1.27506449250499,0.0553951407942064,0.818209929128241,0.0677028459593823,0.946022183763994,NA
"709",4.2748911563264,-2.24121520190491,0.983702790169642,-2.27834588282341,0.0227059779760238,0.0724291955690887
"710",68.264283632079,0.611203989630579,1.42512159165555,0.428878485323172,0.668011658048619,0.751513115304697
"711",1.27506449250499,0.0553951407942064,0.818209929128241,0.0677028459593823,0.946022183763994,NA
"712",1.27506449250499,0.0553951407942064,0.818209929128241,0.0677028459593823,0.946022183763994,NA
"713",1.62335410799198,-0.593325497729501,0.784635428762943,-0.756179846052757,0.449541374549799,NA
"714",1.27506449250499,0.0553951407942064,0.818209929128241,0.0677028459593823,0.946022183763994,NA
"715",307.635170577625,-2.16580456580527,1.43657698204284,-1.50761469303612,0.131653170037337,0.219712575161648
"716",108.454295128098,-2.19091009054106,1.42219743710574,-1.5405105039422,0.123435964405028,0.208764181409846
"717",1.27506449250499,0.0553951407942064,0.818209929128241,0.0677028459593823,0.946022183763994,NA
"718",109.928554573083,-1.19213141261337,1.43519285680383,-0.830641963525548,0.406175921268877,0.538717537682931
"719",1.27506449250499,0.0553951407942064,0.818209929128241,0.0677028459593823,0.946022183763994,NA
"720",1.27506449250499,0.0553951407942064,0.818209929128241,0.0677028459593823,0.946022183763994,NA
"721",2.78935158334776,1.80292605908075,0.922043914568909,1.95535812404736,0.0505408151514044,NA
"722",2.96646500692124,1.90194345298683,0.943422408110001,2.01600411081721,0.043799545932747,0.0994368069824527
"723",1.27506449250499,0.0553951407942064,0.818209929128241,0.0677028459593823,0.946022183763994,NA
"724",123.212123366161,0.744859253913187,1.41740672023791,0.525508481988969,0.599229758470539,0.705635042684934
"725",66.6497677347372,-1.54716870630211,1.33662338945663,-1.15752029966427,0.247059850560582,0.364088200826121
"726",1.62335410799198,-0.593325497729501,0.784635428762943,-0.756179846052757,0.449541374549799,NA
"727",1.18109779725964,-0.167277668613407,0.842604633364226,-0.198524506025471,0.842634713263666,NA
"728",27.2528066431554,-2.5968332095041,1.10732053649932,-2.34515040939612,0.0190194052715169,0.0622453263431463
"729",1.27506449250499,0.0553951407942064,0.818209929128241,0.0677028459593823,0.946022183763994,NA
"730",19.1750726324467,-4.83336778794114,1.2793585743017,-3.77796177321067,0.000158117141511037,0.00137398343657867
"731",35.1788643676536,-5.73186654367007,1.28999069970069,-4.44333943260212,8.85732633036614e-06,0.000186003852937689
"732",68.6341846356223,-4.66742874633761,1.19967909989631,-3.8905643573694,0.000100011346467331,0.00101087490251763
"733",20.9939738323801,-4.96864532082613,1.29835696471108,-3.82687154293643,0.000129782198171701,0.00116803978354531
"734",1.54761702320836,-0.460783413064986,0.786456286106103,-0.585898315272441,0.557943849533447,NA
"735",2.07355876146791,-1.13495336610703,0.789095641108707,-1.43829633187732,0.150349992228658,NA
"736",3.37764789268541,1.12672237639499,0.928568588537907,1.21339703959735,0.22497805762681,0.337467086440216
"737",1.53628170412023,-0.456876199762898,0.785519213778119,-0.5816232012524,0.56082051157115,NA
"738",1.18227059072173,-0.167017794018389,0.84265365925478,-0.198204555553814,0.84288502337825,NA
"739",5.31510846560139,-1.91283559558572,0.969727319457426,-1.97254997070308,0.0485468577229071,0.103136719763242
"740",1.27506449250499,0.0553951407942064,0.818209929128241,0.0677028459593823,0.946022183763994,NA
